epoch,phase,loss,macro_f1,top1_accuracy,top3_accuracy,val_loss,val_macro_f1,val_top1_accuracy,val_top3_accuracy,learning_rate_after_epoch
1,warmup,2.4818356037139893,0.09335386008024216,0.12820513546466827,0.36335209012031555,2.2538657188415527,0.19692711532115936,0.28070175647735596,0.5438596606254578,9.999999747378752e-05
2,warmup,2.231708526611328,0.18660467863082886,0.255159467458725,0.531582236289978,2.051757574081421,0.2808888554573059,0.40643274784088135,0.6725146174430847,9.999999747378752e-05
3,warmup,2.0186479091644287,0.26240065693855286,0.38336458802223206,0.638524055480957,1.8981596231460571,0.3337092399597168,0.47660818696022034,0.719298243522644,9.999999747378752e-05
4,warmup,1.870396614074707,0.31183338165283203,0.45590993762016296,0.6848030090332031,1.7776477336883545,0.36648616194725037,0.5029239654541016,0.7514619827270508,9.999999747378752e-05
5,warmup,1.7426873445510864,0.3761711120605469,0.5128205418586731,0.7317073345184326,1.6798863410949707,0.3832096755504608,0.5175438523292542,0.7748538255691528,9.999999747378752e-05
6,finetune,1.6095548868179321,0.3566763401031494,0.5171982645988464,0.7585991024971008,1.5094339847564697,0.42506226897239685,0.5438596606254578,0.8099415302276611,9.999999747378752e-06
7,finetune,1.4396406412124634,0.4310748875141144,0.5816134810447693,0.7961225509643555,1.3896541595458984,0.4621902406215668,0.5789473652839661,0.8304093480110168,9.999999747378752e-06
8,finetune,1.3095866441726685,0.4603249132633209,0.6047529578208923,0.8186366558074951,1.2926833629608154,0.5077624320983887,0.6198830604553223,0.8421052694320679,9.999999747378752e-06
9,finetune,1.236920952796936,0.48647841811180115,0.6135084629058838,0.8305190801620483,1.2167857885360718,0.5472087860107422,0.652046799659729,0.8450292348861694,9.999999747378752e-06
10,finetune,1.1451714038848877,0.515983521938324,0.6303939819335938,0.8611631989479065,1.1440471410751343,0.5896428227424622,0.6695906519889832,0.859649121761322,9.999999747378752e-06
11,finetune,1.06985604763031,0.5525755286216736,0.6554096341133118,0.8705440759658813,1.0897554159164429,0.6002686619758606,0.6871345043182373,0.8654970526695251,9.999999747378752e-06
12,finetune,0.9775514006614685,0.597593367099762,0.690431535243988,0.8961851000785828,1.0347672700881958,0.6243377327919006,0.7017543911933899,0.8830409646034241,9.999999747378752e-06
13,finetune,0.9344509243965149,0.6146182417869568,0.6979362368583679,0.904315173625946,0.9890714883804321,0.6241709589958191,0.7017543911933899,0.8918128609657288,9.999999747378752e-06
14,finetune,0.8958268165588379,0.6137890815734863,0.6948092579841614,0.9049406051635742,0.9597592949867249,0.6233288645744324,0.7046783566474915,0.8888888955116272,9.999999747378752e-06
15,finetune,0.8783546090126038,0.6293355822563171,0.7079424858093262,0.909943699836731,0.9251956939697266,0.6314752697944641,0.7105262875556946,0.8918128609657288,9.999999747378752e-06
16,finetune,0.8192859292030334,0.6628224849700928,0.730456531047821,0.9186992049217224,0.9029591679573059,0.642427921295166,0.7163742780685425,0.8976607918739319,9.999999747378752e-06
17,finetune,0.7950928807258606,0.6728188395500183,0.7398374080657959,0.9212007522583008,0.875286877155304,0.66291743516922,0.7309941649436951,0.9035087823867798,9.999999747378752e-06
18,finetune,0.754408061504364,0.6803045272827148,0.7435897588729858,0.934959352016449,0.8579511046409607,0.6788027882575989,0.7456140518188477,0.9005848169326782,9.999999747378752e-06
19,finetune,0.7306506633758545,0.7026779055595398,0.761100709438324,0.933083176612854,0.8364391922950745,0.6703633666038513,0.7339181303977966,0.8976607918739319,9.999999747378752e-06
20,finetune,0.7035102248191833,0.7050876021385193,0.761100709438324,0.933083176612854,0.8191032409667969,0.6760942339897156,0.7368420958518982,0.9093567132949829,9.999999747378752e-06
21,finetune,0.6636641621589661,0.7245000004768372,0.7786116600036621,0.9318323731422424,0.8031954169273376,0.6771394610404968,0.7397660613059998,0.9152047038078308,9.999999747378752e-06
22,finetune,0.6498517990112305,0.7298678755760193,0.7823639512062073,0.9468417763710022,0.7869629263877869,0.6853991150856018,0.7426900863647461,0.9239766001701355,9.999999747378752e-06
23,finetune,0.6232331395149231,0.733262836933136,0.7904940843582153,0.9449656009674072,0.7801144123077393,0.6810555458068848,0.7397660613059998,0.9269005656242371,9.999999747378752e-06
24,finetune,0.5897348523139954,0.7527706623077393,0.7979987263679504,0.956222653388977,0.7689471244812012,0.6796903610229492,0.7368420958518982,0.9239766001701355,9.999999747378752e-06
25,finetune,0.5732166171073914,0.766939640045166,0.8117573261260986,0.9543464779853821,0.7668867707252502,0.692079484462738,0.7426900863647461,0.9239766001701355,9.999999747378752e-06
