relative_path,extension,format
Cats/Ringworm in Cat/Image_12.jpg,.jpg,WEBP
Cats/Ringworm in Cat/ringworm10_jpg.rf.0yPm15WBY89VIdrNSR4a.jpg,.jpg,PNG
Cats/Scabies in Cat/Image_27.jpg,.jpg,WEBP
Cats/Scabies in Cat/Image_7.jpg,.jpg,WEBP
Cats/Flea Allergy in Cat/Image_25.jpg,.jpg,WEBP
Dogs/Dental Disease in Dog/Image_35.webp,.webp,JPEG
Dogs/Eye Infection in Dog/Image_49.jpg,.jpg,WEBP
Dogs/Fungal Infection in Dog/Image_39.jpg,.jpg,WEBP
Dogs/Fungal Infection in Dog/Image_41.jpg,.jpg,WEBP
Dogs/Fungal Infection in Dog/Image_57.jpg,.jpg,WEBP
Dogs/Hot Spots in Dog/21c_jpg.rf.cxYDASd7RYCZJqA2EDe2.jpg,.jpg,PNG
Dogs/Hot Spots in Dog/22c_jpg.rf.uOOLQ59B0j14hndq6Nio.jpg,.jpg,PNG
Dogs/Hot Spots in Dog/27c_jpg.rf.j7KBYUDlWH0N9NGl6X53.jpg,.jpg,PNG
Dogs/Hot Spots in Dog/28c_jpg.rf.V5zSHN5LUGS861ebSzrI.jpg,.jpg,PNG
Dogs/Hot Spots in Dog/29c_jpg.rf.PnXateBnooQLalm7iPGx.jpg,.jpg,PNG
Dogs/Hot Spots in Dog/31c_jpg.rf.0gOfT4R9fj3ZhTFyJ7ad.jpg,.jpg,PNG
Dogs/Hot Spots in Dog/33c_jpg.rf.UoVhXVVQJPwpe3OQehRq.jpg,.jpg,PNG
Dogs/Hot Spots in Dog/36_jpeg.rf.Z3S9ukMWFKRVSrQkkRHl.jpeg,.jpeg,WEBP
Dogs/Hot Spots in Dog/39c_jpg.rf.AURTG5uBaKBRkRa2msA5.jpg,.jpg,PNG
Dogs/Hot Spots in Dog/3c_jpg.rf.uvFIlOhSIQMuYF87IL94.jpg,.jpg,PNG
Dogs/Hot Spots in Dog/4c_jpg.rf.4DIQFvhaYDyvYScQasPi.jpg,.jpg,PNG
Dogs/Hot Spots in Dog/5c_jpg.rf.58IiTEK9t4vYBPNnS6bZ.jpg,.jpg,PNG
Dogs/Hot Spots in Dog/6c_jpg.rf.dychhaHMkhWQoARlaZ4t.jpg,.jpg,PNG
Dogs/Hot Spots in Dog/7c_jpg.rf.TjQDwYmZjimYczYE9N0Z.jpg,.jpg,PNG
Dogs/Hot Spots in Dog/8c_jpg.rf.AWNYq6tCge4vNVXyrIcu.jpg,.jpg,PNG
Dogs/Mange in Dog/Image_23.jpg,.jpg,WEBP
Dogs/Mange in Dog/Image_39.png,.png,JPEG
Dogs/Mange in Dog/Image_41.png,.png,JPEG
Dogs/Mange in Dog/Image_51.jpg,.jpg,PNG
Dogs/Flea Allergy in Dog/Image_19.webp,.webp,JPEG
